วันที่,ครั้งที่ค้นหา,ข่าวดิบที่อ่าน,ข่าวที่คัดมาแสดง,ข่าวใหม่,ข่าวตามต่อ,ภูมิภาค,ทั่วประเทศ,จำนวนแหล่งข่าว,ถูกตัดตามบัญชีดำ,token เข้า,token ออก,ค่าใช้จ่ายโดยประมาณ (บาท)
2026-09-10,2,228,35,35,0,2,33,21,0,14421,9642,2.29
2026-09-11,1,237,34,10,24,1,33,20,0,14065,10312,2.4
2026-09-12,1,214,33,31,2,2,31,22,0,17034,10820,2.6
2026-09-13,1,197,25,24,1,0,25,18,0,13882,8753,2.1
2026-09-14,1,189,24,23,1,1,23,15,0,11193,6648,1.62
2026-09-15,1,210,36,36,0,0,36,26,0,15630,9986,2.39
2026-09-16,1,211,30,30,0,0,30,25,0,13417,8357,2.01
2026-09-17,1,222,33,32,1,1,32,22,0,17577,11200,2.69
2026-09-18,1,265,49,48,1,0,49,25,0,16455,12869,2.95
2026-09-19,1,264,45,42,3,0,45,25,0,17468,12919,3.0
2026-09-20,1,211,30,28,2,1,29,18,0,12736,8668,2.05
2026-09-21,1,208,30,28,2,1,29,19,0,11917,8614,2.01
2026-09-22,1,247,52,47,5,0,52,29,0,19295,12716,3.02
2026-09-23,1,328,60,58,2,0,60,32,0,19022,13351,3.13
2026-09-24,1,257,50,47,3,1,49,31,0,17981,13479,3.12
2026-09-25,1,247,53,51,2,1,52,31,0,16513,12903,2.96
2026-09-26,1,245,49,48,1,4,45,27,0,19737,12806,3.06
2026-09-27,1,248,41,40,1,9,32,25,0,20559,15456,3.57
2026-09-28,1,299,56,55,1,3,53,29,0,19240,13193,3.11
2026-09-29,1,341,57,54,3,0,57,21,0,17297,13700,3.13
2026-09-30,1,318,56,51,5,0,56,31,0,20499,15636,3.6
2026-10-01,1,314,55,49,6,0,55,27,0,16665,12609,2.91
2026-10-02,1,297,46,41,5,4,42,25,0,19942,16302,3.7
2026-10-03,1,296,54,51,3,2,52,29,0,21647,16135,3.73
2026-10-04,1,231,48,45,3,6,42,22,0,22640,16622,3.86
2026-10-05,1,212,46,41,5,13,33,23,0,23295,16081,3.79
2026-10-06,1,294,56,53,3,4,52,33,0,17595,12946,3.0
2026-10-07,1,271,56,55,1,13,43,24,0,20779,13548,3.23
2026-10-08,1,273,44,43,1,7,37,27,0,22511,15667,3.68
2026-10-09,1,310,54,49,5,5,49,25,0,18132,13462,3.12
2026-10-10,1,263,53,47,6,8,45,29,0,16932,13291,3.04
